account_id,customer_id,iban,balance,currency,status
A001,C001,FR7630001000100000000000001,2500.00,EUR,active
A002,C002,BE68539007547034,8750.50,EUR,active
A003,C003,BE71096123456769,1200.75,EUR,blocked
A004,C004,FR7630001000100000000000004,43210.10,EUR,active
A005,C005,FR7630001000100000000000005,15800.00,EUR,active
A006,C006,FR7630001000100000000000006,95000.00,EUR,active
A007,C007,BE62510007547061,320.45,EUR,closed
A008,C008,FR7630001000100000000000008,27650.80,EUR,active
A009,C009,CH9300762011623852957,1890.00,EUR,active
A010,C010,CA2100100100100000000001,5400.25,CAD,active
A011,C011,FR7630001000100000000000011,22100.00,EUR,active
A012,C012,BE43068900105036,760.90,EUR,blocked
A013,C013,LU280010000000000000,120000.00,EUR,active
A014,C014,CH5604835012345678009,3450.60,EUR,active
A015,C015,CA2100100100100000000015,9870.40,CAD,active
A016,C016,FR7630001000100000000000016,2150.00,EUR,active
A017,C017,BE32745301855585,18900.75,EUR,active
A018,C018,LU120010000000000018,640.30,EUR,blocked
A019,C019,CH2108301000000000019,4100.00,EUR,active
A020,C020,CA2100100100100000000020,87500.00,CAD,active
A021,C021,FR7630001000100000000000021,1780.55,EUR,active
A022,C022,BE05123456789012,14200.00,EUR,active
A023,C023,LU950010000000000023,930.10,EUR,closed
A024,C024,CH3300762011623852924,16750.85,EUR,active
A025,C025,CA2100100100100000000025,2290.00,CAD,active
A026,C026,FR7630001000100000000000026,3050.75,EUR,active
A027,C027,BE86765432109876,105000.00,EUR,active
A028,C028,LU560010000000000028,1480.20,EUR,blocked
A029,C029,CH4404835012345678009,19800.00,EUR,active
A030,C030,CA2100100100100000000030,2650.40,CAD,active
A031,C031,FR7630001000100000000000031,3300.00,EUR,active
A032,C032,BE22345678901234,25400.60,EUR,active
A033,C033,LU780010000000000033,1120.85,EUR,closed
A034,C034,CH6700762011623852934,17600.00,EUR,active
A035,C035,CA2100100100100000000035,2050.30,CAD,active
A036,C036,FR7630001000100000000000036,3820.75,EUR,active
A037,C037,BE56789012345678,21000.00,EUR,active
A038,C038,LU340010000000000038,98500.00,EUR,active
A039,C039,CH1204835012345678009,1560.00,EUR,blocked
A040,C040,CA2100100100100000000040,22400.50,CAD,active
A041,C041,FR7630001000100000000000041,2890.90,EUR,active
A042,C042,BE09876543210987,1720.15,EUR,active
A043,C043,LU670010000000000043,19300.00,EUR,active
A044,C044,CH3400762011623852944,980.60,EUR,active
A045,C045,CA2100100100100000000045,23800.40,CAD,active
A046,C046,FR7630001000100000000000046,3150.00,EUR,active
A047,C047,BE45123456789012,1440.25,EUR,closed
A048,C048,LU890010000000000048,115000.00,EUR,active
A049,C049,CH7804835012345678009,2670.80,EUR,active
A050,C050,CA2100100100100000000050,20500.00,CAD,active