customer_id,name,email,segment,country,created_at
C001,Jean Dupont,jean.dupont@example.test,standard,FR,2024-03-14
C002,Marie Lambert,marie.lambert@example.test,premium,BE,2024-07-22
C003,Luc Vandenberghe,luc.vandenberghe@example.test,standard,BE,2024-01-08
C004,Sophie Meunier,sophie.meunier@example.test,standard,FR,2024-11-30
C005,Thomas Girard,thomas.girard@example.test,premium,FR,2024-05-17
C006,Isabelle Rousseau,isabelle.rousseau@example.test,vip,FR,2024-09-03
C007,Kevin Peeters,kevin.peeters@example.test,standard,BE,2024-02-25
C008,Camille Fournier,camille.fournier@example.test,premium,FR,2024-12-11
C009,Lukas Weber,lukas.weber@example.test,standard,CH,2024-04-19
C010,Emma Tremblay,emma.tremblay@example.test,standard,CA,2024-08-07
C011,Julien Moreau,julien.moreau@example.test,premium,FR,2024-06-28
C012,Nele Janssens,nele.janssens@example.test,standard,BE,2024-10-15
C013,Anne Schmit,anne.schmit@example.test,vip,LU,2024-03-02
C014,Thomas Müller,thomas.mueller@example.test,standard,CH,2024-07-09
C015,Émilie Gagnon,emilie.gagnon@example.test,premium,CA,2024-01-21
C016,Nicolas Petit,nicolas.petit@example.test,standard,FR,2024-11-04
C017,Sofie Claes,sofie.claes@example.test,premium,BE,2024-05-26
C018,Patrick Wagner,patrick.wagner@example.test,standard,LU,2024-09-18
C019,Claudia Baumann,claudia.baumann@example.test,standard,CH,2024-02-13
C020,Liam Bouchard,liam.bouchard@example.test,vip,CA,2024-12-29
C021,Élodie Renard,elodie.renard@example.test,standard,FR,2024-04-06
C022,Mathieu Dubois,mathieu.dubois@example.test,premium,BE,2024-08-24
C023,Christine Thill,christine.thill@example.test,standard,LU,2024-06-01
C024,Andreas Keller,andreas.keller@example.test,premium,CH,2024-10-08
C025,Olivia Roy,olivia.roy@example.test,standard,CA,2024-03-27
C026,Maxime Leroy,maxime.leroy@example.test,standard,FR,2024-07-14
C027,Femke De Smet,femke.desmet@example.test,vip,BE,2024-01-30
C028,Jean-Paul Kremer,jean-paul.kremer@example.test,standard,LU,2024-11-17
C029,Nina Schneider,nina.schneider@example.test,premium,CH,2024-05-09
C030,William Côté,william.cote@example.test,standard,CA,2024-09-22
C031,Alexandre Bonnet,alexandre.bonnet@example.test,standard,FR,2024-02-04
C032,Charlotte Willems,charlotte.willems@example.test,premium,BE,2024-12-18
C033,Martine Hoffmann,martine.hoffmann@example.test,standard,LU,2024-04-11
C034,Daniel Frei,daniel.frei@example.test,premium,CH,2024-08-30
C035,Charlotte Lavoie,charlotte.lavoie@example.test,standard,CA,2024-06-07
C036,Antoine Chevalier,antoine.chevalier@example.test,standard,FR,2024-10-25
C037,Bram Vermeulen,bram.vermeulen@example.test,premium,BE,2024-03-19
C038,Caroline Muller,caroline.muller@example.test,vip,LU,2024-07-02
C039,Raphael Steiner,raphael.steiner@example.test,standard,CH,2024-01-13
C040,Samuel Fortin,samuel.fortin@example.test,premium,CA,2024-11-21
C041,Hugo Marchand,hugo.marchand@example.test,standard,FR,2024-05-28
C042,Annelies Goossens,annelies.goossens@example.test,standard,BE,2024-09-10
C043,François Reuter,francois.reuter@example.test,premium,LU,2024-02-16
C044,Andrea Bianchi,andrea.bianchi@example.test,standard,CH,2024-12-03
C045,Zoé Pelletier,zoe.pelletier@example.test,premium,CA,2024-04-23
C046,Lucas Fontaine,lucas.fontaine@example.test,standard,FR,2024-08-15
C047,Elke Maes,elke.maes@example.test,standard,BE,2024-06-12
C048,Pierre Weydert,pierre.weydert@example.test,vip,LU,2024-10-30
C049,Julia Roth,julia.roth@example.test,standard,CH,2024-03-08
C050,Alexandre Beaulieu,alexandre.beaulieu@example.test,premium,CA,2024-07-26