employee_id,name,email,department,role,hire_date,salary_band
E001,Julien Lefebvre,julien.lefebvre@example.test,IT,Analyst,2022-01-10,B2
E002,Amélie Roux,amelie.roux@example.test,IT,Engineer,2021-03-22,B2
E003,David Nguyen,david.nguyen@example.test,IT,Architect,2019-06-15,C1
E004,Laure Garcia,laure.garcia@example.test,IT,Analyst,2023-02-01,B1
E005,Thomas Bernard,thomas.bernard@example.test,IT,Engineer,2020-11-05,B2
E006,Caroline Dubois,caroline.dubois@example.test,IT,Architect,2018-09-12,C2
E007,Mehdi Benali,mehdi.benali@example.test,IT,Analyst,2024-01-08,B1
E008,Chloé Thomas,chloe.thomas@example.test,IT,Engineer,2022-07-19,B2
E009,Sophie Robert,sophie.robert@example.test,HR,Manager,2020-05-15,C1
E010,Karim Haddad,karim.haddad@example.test,HR,Recruiter,2022-08-03,B1
E011,Isabelle Richard,isabelle.richard@example.test,HR,Specialist,2021-10-27,B2
E012,Pierre Simon,pierre.simon@example.test,HR,Recruiter,2023-04-14,B1
E013,Nathalie Laurent,nathalie.laurent@example.test,HR,Manager,2019-12-02,C1
E014,Vincent Michel,vincent.michel@example.test,Finance,Accountant,2021-09-01,B2
E015,Céline Leroy,celine.leroy@example.test,Finance,Controller,2019-03-18,C1
E016,Olivier David,olivier.david@example.test,Finance,Analyst,2022-06-23,B1
E017,Élodie Bertrand,elodie.bertrand@example.test,Finance,Accountant,2020-02-11,B2
E018,Frédéric Morel,frederic.morel@example.test,Finance,Controller,2018-07-30,C2
E019,Sarah Girard,sarah.girard@example.test,Finance,Analyst,2023-09-05,B1
E020,Antoine Bonnet,antoine.bonnet@example.test,Security,Analyst,2022-03-14,B2
E021,Valérie Dupuis,valerie.dupuis@example.test,Security,CISO,2017-01-09,D1
E022,Nicolas Fontaine,nicolas.fontaine@example.test,Security,Engineer,2021-05-26,C1
E023,Manon Rousseau,manon.rousseau@example.test,Security,Analyst,2023-11-13,B2
E024,Lucas Chevalier,lucas.chevalier@example.test,Sales,Representative,2022-10-04,B1
E025,Sandrine Marchand,sandrine.marchand@example.test,Sales,Manager,2019-08-21,C1
E026,Maxime Pelletier,maxime.pelletier@example.test,Sales,Representative,2023-06-17,B1
E027,Julie Gagnon,julie.gagnon@example.test,Sales,Manager,2020-04-08,C2
E028,Philippe Beaulieu,philippe.beaulieu@example.test,Legal,Counsel,2018-11-19,C2
E029,Audrey Tremblay,audrey.tremblay@example.test,Legal,Paralegal,2021-02-25,B2
E030,Charles Lavoie,charles.lavoie@example.test,Legal,Counsel,2022-12-06,C1